<application>
  <component name="ProjectManager">
    <defaultProject>
      <component name="ProjectViewState">
        <option name="autoscrollFromSource" value="true" />
        <option name="autoscrollToSource" value="true" />
        <option name="hideEmptyMiddlePackages" value="true" />
        <option name="showLibraryContents" value="true" />
      </component>
      <component name="PropertiesComponent">{
  &quot;keyToString&quot;: {
    &quot;settings.editor.selected.configurable&quot;: &quot;http.certificates&quot;
  }
}</component>
      <component name="WindowStateProjectService">
        <state x="503" y="199" key="SettingsEditor" timestamp="1692296486522">
          <screen x="0" y="38" width="1728" height="1079" />
        </state>
        <state x="503" y="199" key="SettingsEditor/0.38.1728.1079" timestamp="1692296486522" />
      </component>
    </defaultProject>
  </component>
</application>